{"cameraMode":{"drawMode":0,"name":"Shaded","section":"Shading Mode"},"sceneLighting":true,"audioPlay":false,"sceneViewState":{"m_AlwaysRefresh":false,"showFog":true,"showSkybox":false,"showFlares":true,"showImageEffects":true,"showParticleSystems":true,"showVisualEffectGraphs":true,"m_FxEnabled":true},"in2DMode":false,"pivot":{"x":-0.03150796890258789,"y":1.186178207397461,"z":-0.30558061599731448},"rotation":{"x":-0.09423653036355972,"y":-0.6669905185699463,"z":0.08584816008806229,"w":-0.7342151403427124},"size":12.12435531616211,"orthographic":false}