{"cameraMode":{"drawMode":0,"name":"Shaded","section":"Shading Mode"},"sceneLighting":false,"audioPlay":false,"sceneViewState":{"m_AlwaysRefresh":false,"showFog":true,"showSkybox":false,"showFlares":true,"showImageEffects":true,"showParticleSystems":true,"showVisualEffectGraphs":true,"m_FxEnabled":true},"in2DMode":false,"pivot":{"x":0.11662459373474121,"y":1.108151912689209,"z":0.10963696241378784},"rotation":{"x":0.1703326404094696,"y":-0.4178564250469208,"z":0.08003280311822891,"w":0.8888876438140869},"size":1.4956802129745484,"orthographic":false}